Domain Code,Domain,Area Code (M49),Area,Element Code,Element,Item Code (CPC),Item,Year Code,Year,Unit,Value,Flag,Flag Description
TCL,Crops and livestock products,250,France,5608,Import Quantity,2111,Cattle,1961,1961,Head,11500,A,Official figure
TCL,Crops and livestock products,250,France,5608,Import Quantity,2111,Cattle,1962,1962,Head,30800,A,Official figure
TCL,Crops and livestock products,250,France,5608,Import Quantity,2111,Cattle,1963,1963,Head,35800,A,Official figure
TCL,Crops and livestock products,250,France,5608,Import Quantity,2111,Cattle,1964,1964,Head,18700,A,Official figure
TCL,Crops and livestock products,250,France,5608,Import Quantity,2111,Cattle,1965,1965,Head,6500,A,Official figure
TCL,Crops and livestock products,250,France,5608,Import Quantity,2111,Cattle,1966,1966,Head,10109,A,Official figure
TCL,Crops and livestock products,250,France,5608,Import Quantity,2111,Cattle,1967,1967,Head,14045,A,Official figure
TCL,Crops and livestock products,250,France,5608,Import Quantity,2111,Cattle,1968,1968,Head,23737,A,Official figure
TCL,Crops and livestock products,250,France,5608,Import Quantity,2111,Cattle,1969,1969,Head,52664,A,Official figure
TCL,Crops and livestock products,250,France,5608,Import Quantity,2111,Cattle,1970,1970,Head,43495,A,Official figure
TCL,Crops and livestock products,250,France,5608,Import Quantity,2111,Cattle,1971,1971,Head,32826,A,Official figure
TCL,Crops and livestock products,250,France,5608,Import Quantity,2111,Cattle,1972,1972,Head,47986,A,Official figure
TCL,Crops and livestock products,250,France,5608,Import Quantity,2111,Cattle,1973,1973,Head,48998,A,Official figure
TCL,Crops and livestock products,250,France,5608,Import Quantity,2111,Cattle,1974,1974,Head,25441,A,Official figure
TCL,Crops and livestock products,250,France,5608,Import Quantity,2111,Cattle,1975,1975,Head,74001,A,Official figure
TCL,Crops and livestock products,250,France,5608,Import Quantity,2111,Cattle,1976,1976,Head,148224,A,Official figure
TCL,Crops and livestock products,250,France,5608,Import Quantity,2111,Cattle,1977,1977,Head,257784,A,Official figure
TCL,Crops and livestock products,250,France,5608,Import Quantity,2111,Cattle,1978,1978,Head,299661,A,Official figure
TCL,Crops and livestock products,250,France,5608,Import Quantity,2111,Cattle,1979,1979,Head,238593,A,Official figure
TCL,Crops and livestock products,250,France,5608,Import Quantity,2111,Cattle,1980,1980,Head,226087,A,Official figure
TCL,Crops and livestock products,250,France,5608,Import Quantity,2111,Cattle,1981,1981,Head,198821,A,Official figure
TCL,Crops and livestock products,250,France,5608,Import Quantity,2111,Cattle,1982,1982,Head,241547,A,Official figure
TCL,Crops and livestock products,250,France,5608,Import Quantity,2111,Cattle,1983,1983,Head,255341,A,Official figure
TCL,Crops and livestock products,250,France,5608,Import Quantity,2111,Cattle,1984,1984,Head,274268,A,Official figure
TCL,Crops and livestock products,250,France,5608,Import Quantity,2111,Cattle,1985,1985,Head,252858,A,Official figure
TCL,Crops and livestock products,250,France,5608,Import Quantity,2111,Cattle,1986,1986,Head,320469,A,Official figure
TCL,Crops and livestock products,250,France,5608,Import Quantity,2111,Cattle,1987,1987,Head,379876,A,Official figure
TCL,Crops and livestock products,250,France,5608,Import Quantity,2111,Cattle,1988,1988,Head,244271,A,Official figure
TCL,Crops and livestock products,250,France,5608,Import Quantity,2111,Cattle,1989,1989,Head,292464,A,Official figure
TCL,Crops and livestock products,250,France,5608,Import Quantity,2111,Cattle,1990,1990,Head,390917,A,Official figure
TCL,Crops and livestock products,250,France,5608,Import Quantity,2111,Cattle,1991,1991,Head,448901,A,Official figure
TCL,Crops and livestock products,250,France,5608,Import Quantity,2111,Cattle,1992,1992,Head,381938,A,Official figure
TCL,Crops and livestock products,250,France,5608,Import Quantity,2111,Cattle,1993,1993,Head,391935,A,Official figure
TCL,Crops and livestock products,250,France,5608,Import Quantity,2111,Cattle,1994,1994,Head,483276,A,Official figure
TCL,Crops and livestock products,250,France,5608,Import Quantity,2111,Cattle,1995,1995,Head,475217,A,Official figure
TCL,Crops and livestock products,250,France,5608,Import Quantity,2111,Cattle,1996,1996,Head,293508,A,Official figure
TCL,Crops and livestock products,250,France,5608,Import Quantity,2111,Cattle,1997,1997,Head,318524,A,Official figure
TCL,Crops and livestock products,250,France,5608,Import Quantity,2111,Cattle,1998,1998,Head,275508,A,Official figure
TCL,Crops and livestock products,250,France,5608,Import Quantity,2111,Cattle,1999,1999,Head,303559,A,Official figure
TCL,Crops and livestock products,250,France,5608,Import Quantity,2111,Cattle,2000,2000,Head,211166,A,Official figure
TCL,Crops and livestock products,250,France,5608,Import Quantity,2111,Cattle,2001,2001,Head,133948,A,Official figure
TCL,Crops and livestock products,250,France,5608,Import Quantity,2111,Cattle,2002,2002,Head,123253,A,Official figure
TCL,Crops and livestock products,250,France,5608,Import Quantity,2111,Cattle,2003,2003,Head,134855,A,Official figure
TCL,Crops and livestock products,250,France,5608,Import Quantity,2111,Cattle,2004,2004,Head,192187,A,Official figure
TCL,Crops and livestock products,250,France,5608,Import Quantity,2111,Cattle,2005,2005,Head,205130,A,Official figure
TCL,Crops and livestock products,250,France,5608,Import Quantity,2111,Cattle,2006,2006,Head,240647,A,Official figure
TCL,Crops and livestock products,250,France,5608,Import Quantity,2111,Cattle,2007,2007,Head,169150,T,Unofficial figure
TCL,Crops and livestock products,250,France,5608,Import Quantity,2111,Cattle,2008,2008,Head,142679,A,Official figure
TCL,Crops and livestock products,250,France,5608,Import Quantity,2111,Cattle,2009,2009,Head,151034,T,Unofficial figure
TCL,Crops and livestock products,250,France,5608,Import Quantity,2111,Cattle,2010,2010,Head,138623,A,Official figure
TCL,Crops and livestock products,250,France,5608,Import Quantity,2111,Cattle,2011,2011,Head,96460,A,Official figure
TCL,Crops and livestock products,250,France,5608,Import Quantity,2111,Cattle,2012,2012,Head,153258,A,Official figure
TCL,Crops and livestock products,250,France,5608,Import Quantity,2111,Cattle,2013,2013,Head,85528,A,Official figure
TCL,Crops and livestock products,250,France,5608,Import Quantity,2111,Cattle,2014,2014,Head,76386,A,Official figure
TCL,Crops and livestock products,250,France,5608,Import Quantity,2111,Cattle,2015,2015,Head,59462,A,Official figure
TCL,Crops and livestock products,250,France,5608,Import Quantity,2111,Cattle,2016,2016,Head,52897,A,Official figure
TCL,Crops and livestock products,250,France,5608,Import Quantity,2111,Cattle,2017,2017,Head,46753,A,Official figure
TCL,Crops and livestock products,250,France,5608,Import Quantity,2111,Cattle,2018,2018,Head,75954,A,Official figure
TCL,Crops and livestock products,250,France,5608,Import Quantity,2111,Cattle,2019,2019,Head,85147,A,Official figure
TCL,Crops and livestock products,250,France,5608,Import Quantity,2111,Cattle,2020,2020,Head,75696,A,Official figure
TCL,Crops and livestock products,250,France,5610,Import Quantity,2111,Cattle,2014,2014,tonnes,14082,A,Official figure
TCL,Crops and livestock products,250,France,5610,Import Quantity,2111,Cattle,2015,2015,tonnes,9587,A,Official figure
TCL,Crops and livestock products,250,France,5610,Import Quantity,2111,Cattle,2016,2016,tonnes,7842,A,Official figure
TCL,Crops and livestock products,250,France,5610,Import Quantity,2111,Cattle,2017,2017,tonnes,9098,A,Official figure
TCL,Crops and livestock products,250,France,5610,Import Quantity,2111,Cattle,2018,2018,tonnes,12416,A,Official figure
TCL,Crops and livestock products,250,France,5610,Import Quantity,2111,Cattle,2019,2019,tonnes,17931,A,Official figure
TCL,Crops and livestock products,250,France,5610,Import Quantity,2111,Cattle,2020,2020,tonnes,16679,A,Official figure
TCL,Crops and livestock products,250,France,5622,Import Value,2111,Cattle,1961,1961,1000 US$,2380,A,Official figure
TCL,Crops and livestock products,250,France,5622,Import Value,2111,Cattle,1962,1962,1000 US$,5010,A,Official figure
TCL,Crops and livestock products,250,France,5622,Import Value,2111,Cattle,1963,1963,1000 US$,6510,A,Official figure
TCL,Crops and livestock products,250,France,5622,Import Value,2111,Cattle,1964,1964,1000 US$,4190,A,Official figure
TCL,Crops and livestock products,250,France,5622,Import Value,2111,Cattle,1965,1965,1000 US$,2430,A,Official figure
TCL,Crops and livestock products,250,France,5622,Import Value,2111,Cattle,1966,1966,1000 US$,3610,A,Official figure
TCL,Crops and livestock products,250,France,5622,Import Value,2111,Cattle,1967,1967,1000 US$,3842,A,Official figure
TCL,Crops and livestock products,250,France,5622,Import Value,2111,Cattle,1968,1968,1000 US$,6793,A,Official figure
TCL,Crops and livestock products,250,France,5622,Import Value,2111,Cattle,1969,1969,1000 US$,9801,A,Official figure
TCL,Crops and livestock products,250,France,5622,Import Value,2111,Cattle,1970,1970,1000 US$,8205,A,Official figure
TCL,Crops and livestock products,250,France,5622,Import Value,2111,Cattle,1971,1971,1000 US$,7123,A,Official figure
TCL,Crops and livestock products,250,France,5622,Import Value,2111,Cattle,1972,1972,1000 US$,20092,A,Official figure
TCL,Crops and livestock products,250,France,5622,Import Value,2111,Cattle,1973,1973,1000 US$,28134,A,Official figure
TCL,Crops and livestock products,250,France,5622,Import Value,2111,Cattle,1974,1974,1000 US$,16549,A,Official figure
TCL,Crops and livestock products,250,France,5622,Import Value,2111,Cattle,1975,1975,1000 US$,31160,A,Official figure
TCL,Crops and livestock products,250,France,5622,Import Value,2111,Cattle,1976,1976,1000 US$,38774,A,Official figure
TCL,Crops and livestock products,250,France,5622,Import Value,2111,Cattle,1977,1977,1000 US$,65358,A,Official figure
TCL,Crops and livestock products,250,France,5622,Import Value,2111,Cattle,1978,1978,1000 US$,89564,A,Official figure
TCL,Crops and livestock products,250,France,5622,Import Value,2111,Cattle,1979,1979,1000 US$,81940,A,Official figure
TCL,Crops and livestock products,250,France,5622,Import Value,2111,Cattle,1980,1980,1000 US$,80465,A,Official figure
TCL,Crops and livestock products,250,France,5622,Import Value,2111,Cattle,1981,1981,1000 US$,63875,A,Official figure
TCL,Crops and livestock products,250,France,5622,Import Value,2111,Cattle,1982,1982,1000 US$,79046,A,Official figure
TCL,Crops and livestock products,250,France,5622,Import Value,2111,Cattle,1983,1983,1000 US$,85752,A,Official figure
TCL,Crops and livestock products,250,France,5622,Import Value,2111,Cattle,1984,1984,1000 US$,83515,A,Official figure
TCL,Crops and livestock products,250,France,5622,Import Value,2111,Cattle,1985,1985,1000 US$,80531,A,Official figure
TCL,Crops and livestock products,250,France,5622,Import Value,2111,Cattle,1986,1986,1000 US$,145078,A,Official figure
TCL,Crops and livestock products,250,France,5622,Import Value,2111,Cattle,1987,1987,1000 US$,147484,A,Official figure
TCL,Crops and livestock products,250,France,5622,Import Value,2111,Cattle,1988,1988,1000 US$,151114,A,Official figure
TCL,Crops and livestock products,250,France,5622,Import Value,2111,Cattle,1989,1989,1000 US$,176485,A,Official figure
TCL,Crops and livestock products,250,France,5622,Import Value,2111,Cattle,1990,1990,1000 US$,183437,A,Official figure
TCL,Crops and livestock products,250,France,5622,Import Value,2111,Cattle,1991,1991,1000 US$,231301,A,Official figure
TCL,Crops and livestock products,250,France,5622,Import Value,2111,Cattle,1992,1992,1000 US$,202439,A,Official figure
TCL,Crops and livestock products,250,France,5622,Import Value,2111,Cattle,1993,1993,1000 US$,227615,A,Official figure
TCL,Crops and livestock products,250,France,5622,Import Value,2111,Cattle,1994,1994,1000 US$,313650,A,Official figure
TCL,Crops and livestock products,250,France,5622,Import Value,2111,Cattle,1995,1995,1000 US$,315902,A,Official figure
TCL,Crops and livestock products,250,France,5622,Import Value,2111,Cattle,1996,1996,1000 US$,176851,A,Official figure
TCL,Crops and livestock products,250,France,5622,Import Value,2111,Cattle,1997,1997,1000 US$,126860,A,Official figure
TCL,Crops and livestock products,250,France,5622,Import Value,2111,Cattle,1998,1998,1000 US$,127111,A,Official figure
TCL,Crops and livestock products,250,France,5622,Import Value,2111,Cattle,1999,1999,1000 US$,125144,A,Official figure
TCL,Crops and livestock products,250,France,5622,Import Value,2111,Cattle,2000,2000,1000 US$,95859,A,Official figure
TCL,Crops and livestock products,250,France,5622,Import Value,2111,Cattle,2001,2001,1000 US$,56132,A,Official figure
TCL,Crops and livestock products,250,France,5622,Import Value,2111,Cattle,2002,2002,1000 US$,63374,A,Official figure
TCL,Crops and livestock products,250,France,5622,Import Value,2111,Cattle,2003,2003,1000 US$,83951,A,Official figure
TCL,Crops and livestock products,250,France,5622,Import Value,2111,Cattle,2004,2004,1000 US$,99669,A,Official figure
TCL,Crops and livestock products,250,France,5622,Import Value,2111,Cattle,2005,2005,1000 US$,99905,A,Official figure
TCL,Crops and livestock products,250,France,5622,Import Value,2111,Cattle,2006,2006,1000 US$,105349,A,Official figure
TCL,Crops and livestock products,250,France,5622,Import Value,2111,Cattle,2007,2007,1000 US$,76824,A,Official figure
TCL,Crops and livestock products,250,France,5622,Import Value,2111,Cattle,2008,2008,1000 US$,81195,A,Official figure
TCL,Crops and livestock products,250,France,5622,Import Value,2111,Cattle,2009,2009,1000 US$,77543,A,Official figure
TCL,Crops and livestock products,250,France,5622,Import Value,2111,Cattle,2010,2010,1000 US$,73132,A,Official figure
TCL,Crops and livestock products,250,France,5622,Import Value,2111,Cattle,2011,2011,1000 US$,78635,A,Official figure
TCL,Crops and livestock products,250,France,5622,Import Value,2111,Cattle,2012,2012,1000 US$,78158,A,Official figure
TCL,Crops and livestock products,250,France,5622,Import Value,2111,Cattle,2013,2013,1000 US$,78420,A,Official figure
TCL,Crops and livestock products,250,France,5622,Import Value,2111,Cattle,2014,2014,1000 US$,74600,A,Official figure
TCL,Crops and livestock products,250,France,5622,Import Value,2111,Cattle,2015,2015,1000 US$,50835,A,Official figure
TCL,Crops and livestock products,250,France,5622,Import Value,2111,Cattle,2016,2016,1000 US$,34871,A,Official figure
TCL,Crops and livestock products,250,France,5622,Import Value,2111,Cattle,2017,2017,1000 US$,34887,A,Official figure
TCL,Crops and livestock products,250,France,5622,Import Value,2111,Cattle,2018,2018,1000 US$,59570,A,Official figure
TCL,Crops and livestock products,250,France,5622,Import Value,2111,Cattle,2019,2019,1000 US$,64405,A,Official figure
TCL,Crops and livestock products,250,France,5622,Import Value,2111,Cattle,2020,2020,1000 US$,58550,A,Official figure
TCL,Crops and livestock products,250,France,5908,Export Quantity,2111,Cattle,1961,1961,Head,122500,A,Official figure
TCL,Crops and livestock products,250,France,5908,Export Quantity,2111,Cattle,1962,1962,Head,89600,A,Official figure
TCL,Crops and livestock products,250,France,5908,Export Quantity,2111,Cattle,1963,1963,Head,197200,A,Official figure
TCL,Crops and livestock products,250,France,5908,Export Quantity,2111,Cattle,1964,1964,Head,156000,A,Official figure
TCL,Crops and livestock products,250,France,5908,Export Quantity,2111,Cattle,1965,1965,Head,204100,A,Official figure
TCL,Crops and livestock products,250,France,5908,Export Quantity,2111,Cattle,1966,1966,Head,135619,A,Official figure
TCL,Crops and livestock products,250,France,5908,Export Quantity,2111,Cattle,1967,1967,Head,204984,A,Official figure
TCL,Crops and livestock products,250,France,5908,Export Quantity,2111,Cattle,1968,1968,Head,414421,A,Official figure
TCL,Crops and livestock products,250,France,5908,Export Quantity,2111,Cattle,1969,1969,Head,515740,A,Official figure
TCL,Crops and livestock products,250,France,5908,Export Quantity,2111,Cattle,1970,1970,Head,738829,A,Official figure
TCL,Crops and livestock products,250,France,5908,Export Quantity,2111,Cattle,1971,1971,Head,843905,A,Official figure
TCL,Crops and livestock products,250,France,5908,Export Quantity,2111,Cattle,1972,1972,Head,996752,A,Official figure
TCL,Crops and livestock products,250,France,5908,Export Quantity,2111,Cattle,1973,1973,Head,868858,A,Official figure
TCL,Crops and livestock products,250,France,5908,Export Quantity,2111,Cattle,1974,1974,Head,936716,A,Official figure
TCL,Crops and livestock products,250,France,5908,Export Quantity,2111,Cattle,1975,1975,Head,1354025,A,Official figure
TCL,Crops and livestock products,250,France,5908,Export Quantity,2111,Cattle,1976,1976,Head,1375720,A,Official figure
TCL,Crops and livestock products,250,France,5908,Export Quantity,2111,Cattle,1977,1977,Head,1092989,A,Official figure
TCL,Crops and livestock products,250,France,5908,Export Quantity,2111,Cattle,1978,1978,Head,1320088,A,Official figure
TCL,Crops and livestock products,250,France,5908,Export Quantity,2111,Cattle,1979,1979,Head,1480857,A,Official figure
TCL,Crops and livestock products,250,France,5908,Export Quantity,2111,Cattle,1980,1980,Head,1522417,A,Official figure
TCL,Crops and livestock products,250,France,5908,Export Quantity,2111,Cattle,1981,1981,Head,1611737,A,Official figure
TCL,Crops and livestock products,250,France,5908,Export Quantity,2111,Cattle,1982,1982,Head,1629590,A,Official figure
TCL,Crops and livestock products,250,France,5908,Export Quantity,2111,Cattle,1983,1983,Head,1612799,A,Official figure
TCL,Crops and livestock products,250,France,5908,Export Quantity,2111,Cattle,1984,1984,Head,1571301,A,Official figure
TCL,Crops and livestock products,250,France,5908,Export Quantity,2111,Cattle,1985,1985,Head,1608806,A,Official figure
TCL,Crops and livestock products,250,France,5908,Export Quantity,2111,Cattle,1986,1986,Head,1790060,A,Official figure
TCL,Crops and livestock products,250,France,5908,Export Quantity,2111,Cattle,1987,1987,Head,1684053,A,Official figure
TCL,Crops and livestock products,250,France,5908,Export Quantity,2111,Cattle,1988,1988,Head,1652114,A,Official figure
TCL,Crops and livestock products,250,France,5908,Export Quantity,2111,Cattle,1989,1989,Head,1521924,A,Official figure
TCL,Crops and livestock products,250,France,5908,Export Quantity,2111,Cattle,1990,1990,Head,1437851,A,Official figure
TCL,Crops and livestock products,250,France,5908,Export Quantity,2111,Cattle,1991,1991,Head,1585611,A,Official figure
TCL,Crops and livestock products,250,France,5908,Export Quantity,2111,Cattle,1992,1992,Head,1698036,A,Official figure
TCL,Crops and livestock products,250,France,5908,Export Quantity,2111,Cattle,1993,1993,Head,1779804,A,Official figure
TCL,Crops and livestock products,250,France,5908,Export Quantity,2111,Cattle,1994,1994,Head,1783097,A,Official figure
TCL,Crops and livestock products,250,France,5908,Export Quantity,2111,Cattle,1995,1995,Head,1763388,A,Official figure
TCL,Crops and livestock products,250,France,5908,Export Quantity,2111,Cattle,1996,1996,Head,1763225,A,Official figure
TCL,Crops and livestock products,250,France,5908,Export Quantity,2111,Cattle,1997,1997,Head,1787250,A,Official figure
TCL,Crops and livestock products,250,France,5908,Export Quantity,2111,Cattle,1998,1998,Head,1668038,A,Official figure
TCL,Crops and livestock products,250,France,5908,Export Quantity,2111,Cattle,1999,1999,Head,1597459,A,Official figure
TCL,Crops and livestock products,250,France,5908,Export Quantity,2111,Cattle,2000,2000,Head,1561374,A,Official figure
TCL,Crops and livestock products,250,France,5908,Export Quantity,2111,Cattle,2001,2001,Head,1421940,A,Official figure
TCL,Crops and livestock products,250,France,5908,Export Quantity,2111,Cattle,2002,2002,Head,1732343,A,Official figure
TCL,Crops and livestock products,250,France,5908,Export Quantity,2111,Cattle,2003,2003,Head,1717920,A,Official figure
TCL,Crops and livestock products,250,France,5908,Export Quantity,2111,Cattle,2004,2004,Head,1551796,A,Official figure
TCL,Crops and livestock products,250,France,5908,Export Quantity,2111,Cattle,2005,2005,Head,1478322,A,Official figure
TCL,Crops and livestock products,250,France,5908,Export Quantity,2111,Cattle,2006,2006,Head,1443929,A,Official figure
TCL,Crops and livestock products,250,France,5908,Export Quantity,2111,Cattle,2007,2007,Head,1330036,A,Official figure
TCL,Crops and livestock products,250,France,5908,Export Quantity,2111,Cattle,2008,2008,Head,1196752,T,Unofficial figure
TCL,Crops and livestock products,250,France,5908,Export Quantity,2111,Cattle,2009,2009,Head,1306576,T,Unofficial figure
TCL,Crops and livestock products,250,France,5908,Export Quantity,2111,Cattle,2010,2010,Head,1403448,A,Official figure
TCL,Crops and livestock products,250,France,5908,Export Quantity,2111,Cattle,2011,2011,Head,1563657,A,Official figure
TCL,Crops and livestock products,250,France,5908,Export Quantity,2111,Cattle,2012,2012,Head,1393851,A,Official figure
TCL,Crops and livestock products,250,France,5908,Export Quantity,2111,Cattle,2013,2013,Head,1309566,A,Official figure
TCL,Crops and livestock products,250,France,5908,Export Quantity,2111,Cattle,2014,2014,Head,1285585,A,Official figure
TCL,Crops and livestock products,250,France,5908,Export Quantity,2111,Cattle,2015,2015,Head,1432532,A,Official figure
TCL,Crops and livestock products,250,France,5908,Export Quantity,2111,Cattle,2016,2016,Head,1480824,A,Official figure
TCL,Crops and livestock products,250,France,5908,Export Quantity,2111,Cattle,2017,2017,Head,1600053,A,Official figure
TCL,Crops and livestock products,250,France,5908,Export Quantity,2111,Cattle,2018,2018,Head,1580984,A,Official figure
TCL,Crops and livestock products,250,France,5908,Export Quantity,2111,Cattle,2019,2019,Head,1616152,A,Official figure
TCL,Crops and livestock products,250,France,5908,Export Quantity,2111,Cattle,2020,2020,Head,1622105,A,Official figure
TCL,Crops and livestock products,250,France,5910,Export Quantity,2111,Cattle,2014,2014,tonnes,426474,A,Official figure
TCL,Crops and livestock products,250,France,5910,Export Quantity,2111,Cattle,2015,2015,tonnes,458861,A,Official figure
TCL,Crops and livestock products,250,France,5910,Export Quantity,2111,Cattle,2016,2016,tonnes,490715,A,Official figure
TCL,Crops and livestock products,250,France,5910,Export Quantity,2111,Cattle,2017,2017,tonnes,501011,A,Official figure
TCL,Crops and livestock products,250,France,5910,Export Quantity,2111,Cattle,2018,2018,tonnes,497507,A,Official figure
TCL,Crops and livestock products,250,France,5910,Export Quantity,2111,Cattle,2019,2019,tonnes,510009,A,Official figure
TCL,Crops and livestock products,250,France,5910,Export Quantity,2111,Cattle,2020,2020,tonnes,506510,A,Official figure
TCL,Crops and livestock products,250,France,5922,Export Value,2111,Cattle,1961,1961,1000 US$,19910,A,Official figure
TCL,Crops and livestock products,250,France,5922,Export Value,2111,Cattle,1962,1962,1000 US$,14310,A,Official figure
TCL,Crops and livestock products,250,France,5922,Export Value,2111,Cattle,1963,1963,1000 US$,27880,A,Official figure
TCL,Crops and livestock products,250,France,5922,Export Value,2111,Cattle,1964,1964,1000 US$,38330,A,Official figure
TCL,Crops and livestock products,250,France,5922,Export Value,2111,Cattle,1965,1965,1000 US$,40430,A,Official figure
TCL,Crops and livestock products,250,France,5922,Export Value,2111,Cattle,1966,1966,1000 US$,28060,A,Official figure
TCL,Crops and livestock products,250,France,5922,Export Value,2111,Cattle,1967,1967,1000 US$,44747,A,Official figure
TCL,Crops and livestock products,250,France,5922,Export Value,2111,Cattle,1968,1968,1000 US$,82839,A,Official figure
TCL,Crops and livestock products,250,France,5922,Export Value,2111,Cattle,1969,1969,1000 US$,109925,A,Official figure
TCL,Crops and livestock products,250,France,5922,Export Value,2111,Cattle,1970,1970,1000 US$,142069,A,Official figure
TCL,Crops and livestock products,250,France,5922,Export Value,2111,Cattle,1971,1971,1000 US$,196001,A,Official figure
TCL,Crops and livestock products,250,France,5922,Export Value,2111,Cattle,1972,1972,1000 US$,340397,A,Official figure
TCL,Crops and livestock products,250,France,5922,Export Value,2111,Cattle,1973,1973,1000 US$,321486,A,Official figure
TCL,Crops and livestock products,250,France,5922,Export Value,2111,Cattle,1974,1974,1000 US$,315704,A,Official figure
TCL,Crops and livestock products,250,France,5922,Export Value,2111,Cattle,1975,1975,1000 US$,553918,A,Official figure
TCL,Crops and livestock products,250,France,5922,Export Value,2111,Cattle,1976,1976,1000 US$,528479,A,Official figure
TCL,Crops and livestock products,250,France,5922,Export Value,2111,Cattle,1977,1977,1000 US$,482641,A,Official figure
TCL,Crops and livestock products,250,France,5922,Export Value,2111,Cattle,1978,1978,1000 US$,672268,A,Official figure
TCL,Crops and livestock products,250,France,5922,Export Value,2111,Cattle,1979,1979,1000 US$,829797,A,Official figure
TCL,Crops and livestock products,250,France,5922,Export Value,2111,Cattle,1980,1980,1000 US$,896243,A,Official figure
TCL,Crops and livestock products,250,France,5922,Export Value,2111,Cattle,1981,1981,1000 US$,835882,A,Official figure
TCL,Crops and livestock products,250,France,5922,Export Value,2111,Cattle,1982,1982,1000 US$,866773,A,Official figure
TCL,Crops and livestock products,250,France,5922,Export Value,2111,Cattle,1983,1983,1000 US$,749864,A,Official figure
TCL,Crops and livestock products,250,France,5922,Export Value,2111,Cattle,1984,1984,1000 US$,665035,A,Official figure
TCL,Crops and livestock products,250,France,5922,Export Value,2111,Cattle,1985,1985,1000 US$,675990,A,Official figure
TCL,Crops and livestock products,250,France,5922,Export Value,2111,Cattle,1986,1986,1000 US$,993940,A,Official figure
TCL,Crops and livestock products,250,France,5922,Export Value,2111,Cattle,1987,1987,1000 US$,1150160,A,Official figure
TCL,Crops and livestock products,250,France,5922,Export Value,2111,Cattle,1988,1988,1000 US$,1249476,A,Official figure
TCL,Crops and livestock products,250,France,5922,Export Value,2111,Cattle,1989,1989,1000 US$,1263771,A,Official figure
TCL,Crops and livestock products,250,France,5922,Export Value,2111,Cattle,1990,1990,1000 US$,1299008,A,Official figure
TCL,Crops and livestock products,250,France,5922,Export Value,2111,Cattle,1991,1991,1000 US$,1326257,A,Official figure
TCL,Crops and livestock products,250,France,5922,Export Value,2111,Cattle,1992,1992,1000 US$,1508324,A,Official figure
TCL,Crops and livestock products,250,France,5922,Export Value,2111,Cattle,1993,1993,1000 US$,1463616,A,Official figure
TCL,Crops and livestock products,250,France,5922,Export Value,2111,Cattle,1994,1994,1000 US$,1573938,A,Official figure
TCL,Crops and livestock products,250,France,5922,Export Value,2111,Cattle,1995,1995,1000 US$,1614535,A,Official figure
TCL,Crops and livestock products,250,France,5922,Export Value,2111,Cattle,1996,1996,1000 US$,1391809,A,Official figure
TCL,Crops and livestock products,250,France,5922,Export Value,2111,Cattle,1997,1997,1000 US$,1352330,A,Official figure
TCL,Crops and livestock products,250,France,5922,Export Value,2111,Cattle,1998,1998,1000 US$,1413766,A,Official figure
TCL,Crops and livestock products,250,France,5922,Export Value,2111,Cattle,1999,1999,1000 US$,1299079,A,Official figure
TCL,Crops and livestock products,250,France,5922,Export Value,2111,Cattle,2000,2000,1000 US$,1129749,A,Official figure
TCL,Crops and livestock products,250,France,5922,Export Value,2111,Cattle,2001,2001,1000 US$,809834,A,Official figure
TCL,Crops and livestock products,250,France,5922,Export Value,2111,Cattle,2002,2002,1000 US$,1216779,A,Official figure
TCL,Crops and livestock products,250,France,5922,Export Value,2111,Cattle,2003,2003,1000 US$,1512438,A,Official figure
TCL,Crops and livestock products,250,France,5922,Export Value,2111,Cattle,2004,2004,1000 US$,1517871,A,Official figure
TCL,Crops and livestock products,250,France,5922,Export Value,2111,Cattle,2005,2005,1000 US$,1612695,A,Official figure
TCL,Crops and livestock products,250,France,5922,Export Value,2111,Cattle,2006,2006,1000 US$,1702310,A,Official figure
TCL,Crops and livestock products,250,France,5922,Export Value,2111,Cattle,2007,2007,1000 US$,1635148,A,Official figure
TCL,Crops and livestock products,250,France,5922,Export Value,2111,Cattle,2008,2008,1000 US$,1638420,A,Official figure
TCL,Crops and livestock products,250,France,5922,Export Value,2111,Cattle,2009,2009,1000 US$,1653714,A,Official figure
TCL,Crops and livestock products,250,France,5922,Export Value,2111,Cattle,2010,2010,1000 US$,1671763,A,Official figure
TCL,Crops and livestock products,250,France,5922,Export Value,2111,Cattle,2011,2011,1000 US$,1983630,A,Official figure
TCL,Crops and livestock products,250,France,5922,Export Value,2111,Cattle,2012,2012,1000 US$,1833627,A,Official figure
TCL,Crops and livestock products,250,France,5922,Export Value,2111,Cattle,2013,2013,1000 US$,1683171,A,Official figure
TCL,Crops and livestock products,250,France,5922,Export Value,2111,Cattle,2014,2014,1000 US$,1637506,A,Official figure
TCL,Crops and livestock products,250,France,5922,Export Value,2111,Cattle,2015,2015,1000 US$,1497037,A,Official figure
TCL,Crops and livestock products,250,France,5922,Export Value,2111,Cattle,2016,2016,1000 US$,1525393,A,Official figure
TCL,Crops and livestock products,250,France,5922,Export Value,2111,Cattle,2017,2017,1000 US$,1644076,A,Official figure
TCL,Crops and livestock products,250,France,5922,Export Value,2111,Cattle,2018,2018,1000 US$,1743739,A,Official figure
TCL,Crops and livestock products,250,France,5922,Export Value,2111,Cattle,2019,2019,1000 US$,1660457,A,Official figure
TCL,Crops and livestock products,250,France,5922,Export Value,2111,Cattle,2020,2020,1000 US$,1633164,A,Official figure
TCL,Crops and livestock products,372,Ireland,5608,Import Quantity,2111,Cattle,1961,1961,Head,159400,A,Official figure
TCL,Crops and livestock products,372,Ireland,5608,Import Quantity,2111,Cattle,1962,1962,Head,102200,A,Official figure
TCL,Crops and livestock products,372,Ireland,5608,Import Quantity,2111,Cattle,1963,1963,Head,140100,A,Official figure
TCL,Crops and livestock products,372,Ireland,5608,Import Quantity,2111,Cattle,1964,1964,Head,147638,A,Official figure
TCL,Crops and livestock products,372,Ireland,5608,Import Quantity,2111,Cattle,1965,1965,Head,101400,A,Official figure
TCL,Crops and livestock products,372,Ireland,5608,Import Quantity,2111,Cattle,1966,1966,Head,74741,A,Official figure
TCL,Crops and livestock products,372,Ireland,5608,Import Quantity,2111,Cattle,1967,1967,Head,156640,A,Official figure
TCL,Crops and livestock products,372,Ireland,5608,Import Quantity,2111,Cattle,1968,1968,Head,135300,A,Official figure
TCL,Crops and livestock products,372,Ireland,5608,Import Quantity,2111,Cattle,1969,1969,Head,128625,A,Official figure
TCL,Crops and livestock products,372,Ireland,5608,Import Quantity,2111,Cattle,1970,1970,Head,162707,A,Official figure
TCL,Crops and livestock products,372,Ireland,5608,Import Quantity,2111,Cattle,1971,1971,Head,93146,A,Official figure
TCL,Crops and livestock products,372,Ireland,5608,Import Quantity,2111,Cattle,1972,1972,Head,99820,A,Official figure
TCL,Crops and livestock products,372,Ireland,5608,Import Quantity,2111,Cattle,1973,1973,Head,98213,A,Official figure
TCL,Crops and livestock products,372,Ireland,5608,Import Quantity,2111,Cattle,1974,1974,Head,92702,A,Official figure
TCL,Crops and livestock products,372,Ireland,5608,Import Quantity,2111,Cattle,1975,1975,Head,86187,A,Official figure
TCL,Crops and livestock products,372,Ireland,5608,Import Quantity,2111,Cattle,1976,1976,Head,88545,A,Official figure
TCL,Crops and livestock products,372,Ireland,5608,Import Quantity,2111,Cattle,1977,1977,Head,141915,A,Official figure
TCL,Crops and livestock products,372,Ireland,5608,Import Quantity,2111,Cattle,1978,1978,Head,119867,A,Official figure
TCL,Crops and livestock products,372,Ireland,5608,Import Quantity,2111,Cattle,1979,1979,Head,157972,A,Official figure
TCL,Crops and livestock products,372,Ireland,5608,Import Quantity,2111,Cattle,1980,1980,Head,78164,A,Official figure
TCL,Crops and livestock products,372,Ireland,5608,Import Quantity,2111,Cattle,1981,1981,Head,108102,A,Official figure
TCL,Crops and livestock products,372,Ireland,5608,Import Quantity,2111,Cattle,1982,1982,Head,63632,A,Official figure
TCL,Crops and livestock products,372,Ireland,5608,Import Quantity,2111,Cattle,1983,1983,Head,24258,A,Official figure
TCL,Crops and livestock products,372,Ireland,5608,Import Quantity,2111,Cattle,1984,1984,Head,33544,A,Official figure
TCL,Crops and livestock products,372,Ireland,5608,Import Quantity,2111,Cattle,1985,1985,Head,24442,A,Official figure
TCL,Crops and livestock products,372,Ireland,5608,Import Quantity,2111,Cattle,1986,1986,Head,13756,A,Official figure
TCL,Crops and livestock products,372,Ireland,5608,Import Quantity,2111,Cattle,1987,1987,Head,17813,A,Official figure
TCL,Crops and livestock products,372,Ireland,5608,Import Quantity,2111,Cattle,1988,1988,Head,28973,A,Official figure
TCL,Crops and livestock products,372,Ireland,5608,Import Quantity,2111,Cattle,1989,1989,Head,23598,A,Official figure
TCL,Crops and livestock products,372,Ireland,5608,Import Quantity,2111,Cattle,1990,1990,Head,5551,A,Official figure
TCL,Crops and livestock products,372,Ireland,5608,Import Quantity,2111,Cattle,1991,1991,Head,1694,A,Official figure
TCL,Crops and livestock products,372,Ireland,5608,Import Quantity,2111,Cattle,1992,1992,Head,9325,A,Official figure
TCL,Crops and livestock products,372,Ireland,5608,Import Quantity,2111,Cattle,1993,1993,Head,12180,A,Official figure
TCL,Crops and livestock products,372,Ireland,5608,Import Quantity,2111,Cattle,1994,1994,Head,31018,A,Official figure
TCL,Crops and livestock products,372,Ireland,5608,Import Quantity,2111,Cattle,1995,1995,Head,23714,A,Official figure
TCL,Crops and livestock products,372,Ireland,5608,Import Quantity,2111,Cattle,1996,1996,Head,11798,A,Official figure
TCL,Crops and livestock products,372,Ireland,5608,Import Quantity,2111,Cattle,1997,1997,Head,621,A,Official figure
TCL,Crops and livestock products,372,Ireland,5608,Import Quantity,2111,Cattle,1998,1998,Head,566,A,Official figure
TCL,Crops and livestock products,372,Ireland,5608,Import Quantity,2111,Cattle,1999,1999,Head,378,A,Official figure
TCL,Crops and livestock products,372,Ireland,5608,Import Quantity,2111,Cattle,2000,2000,Head,1578,A,Official figure
TCL,Crops and livestock products,372,Ireland,5608,Import Quantity,2111,Cattle,2001,2001,Head,744,A,Official figure
TCL,Crops and livestock products,372,Ireland,5608,Import Quantity,2111,Cattle,2002,2002,Head,2073,A,Official figure
TCL,Crops and livestock products,372,Ireland,5608,Import Quantity,2111,Cattle,2003,2003,Head,952,A,Official figure
TCL,Crops and livestock products,372,Ireland,5608,Import Quantity,2111,Cattle,2004,2004,Head,609,T,Unofficial figure
TCL,Crops and livestock products,372,Ireland,5608,Import Quantity,2111,Cattle,2005,2005,Head,860,A,Official figure
TCL,Crops and livestock products,372,Ireland,5608,Import Quantity,2111,Cattle,2006,2006,Head,372,A,Official figure
TCL,Crops and livestock products,372,Ireland,5608,Import Quantity,2111,Cattle,2007,2007,Head,767,A,Official figure
TCL,Crops and livestock products,372,Ireland,5608,Import Quantity,2111,Cattle,2008,2008,Head,90,A,Official figure
TCL,Crops and livestock products,372,Ireland,5608,Import Quantity,2111,Cattle,2009,2009,Head,38,T,Unofficial figure
TCL,Crops and livestock products,372,Ireland,5608,Import Quantity,2111,Cattle,2010,2010,Head,98,A,Official figure
TCL,Crops and livestock products,372,Ireland,5608,Import Quantity,2111,Cattle,2011,2011,Head,1017,T,Unofficial figure
TCL,Crops and livestock products,372,Ireland,5608,Import Quantity,2111,Cattle,2012,2012,Head,4055,T,Unofficial figure
TCL,Crops and livestock products,372,Ireland,5608,Import Quantity,2111,Cattle,2013,2013,Head,2791,A,Official figure
TCL,Crops and livestock products,372,Ireland,5608,Import Quantity,2111,Cattle,2014,2014,Head,2174,A,Official figure
TCL,Crops and livestock products,372,Ireland,5608,Import Quantity,2111,Cattle,2015,2015,Head,8338,A,Official figure
TCL,Crops and livestock products,372,Ireland,5608,Import Quantity,2111,Cattle,2016,2016,Head,6494,A,Official figure
TCL,Crops and livestock products,372,Ireland,5608,Import Quantity,2111,Cattle,2017,2017,Head,5862,A,Official figure
TCL,Crops and livestock products,372,Ireland,5608,Import Quantity,2111,Cattle,2018,2018,Head,7811,A,Official figure
TCL,Crops and livestock products,372,Ireland,5608,Import Quantity,2111,Cattle,2019,2019,Head,16508,I,Imputed value
TCL,Crops and livestock products,372,Ireland,5608,Import Quantity,2111,Cattle,2020,2020,Head,13892,A,Official figure
TCL,Crops and livestock products,372,Ireland,5610,Import Quantity,2111,Cattle,2014,2014,tonnes,105,A,Official figure
TCL,Crops and livestock products,372,Ireland,5610,Import Quantity,2111,Cattle,2015,2015,tonnes,259,A,Official figure
TCL,Crops and livestock products,372,Ireland,5610,Import Quantity,2111,Cattle,2016,2016,tonnes,338,A,Official figure
TCL,Crops and livestock products,372,Ireland,5610,Import Quantity,2111,Cattle,2017,2017,tonnes,354,A,Official figure
TCL,Crops and livestock products,372,Ireland,5610,Import Quantity,2111,Cattle,2018,2018,tonnes,548,A,Official figure
TCL,Crops and livestock products,372,Ireland,5610,Import Quantity,2111,Cattle,2019,2019,tonnes,969,A,Official figure
TCL,Crops and livestock products,372,Ireland,5610,Import Quantity,2111,Cattle,2020,2020,tonnes,1323,A,Official figure
TCL,Crops and livestock products,372,Ireland,5622,Import Value,2111,Cattle,1961,1961,1000 US$,22640,A,Official figure
TCL,Crops and livestock products,372,Ireland,5622,Import Value,2111,Cattle,1962,1962,1000 US$,14320,A,Official figure
TCL,Crops and livestock products,372,Ireland,5622,Import Value,2111,Cattle,1963,1963,1000 US$,19960,A,Official figure
TCL,Crops and livestock products,372,Ireland,5622,Import Value,2111,Cattle,1964,1964,1000 US$,24213,A,Official figure
TCL,Crops and livestock products,372,Ireland,5622,Import Value,2111,Cattle,1965,1965,1000 US$,20460,A,Official figure
TCL,Crops and livestock products,372,Ireland,5622,Import Value,2111,Cattle,1966,1966,1000 US$,12752,A,Official figure
TCL,Crops and livestock products,372,Ireland,5622,Import Value,2111,Cattle,1967,1967,1000 US$,22851,A,Official figure
TCL,Crops and livestock products,372,Ireland,5622,Import Value,2111,Cattle,1968,1968,1000 US$,19644,A,Official figure
TCL,Crops and livestock products,372,Ireland,5622,Import Value,2111,Cattle,1969,1969,1000 US$,21277,A,Official figure
TCL,Crops and livestock products,372,Ireland,5622,Import Value,2111,Cattle,1970,1970,1000 US$,28902,A,Official figure
TCL,Crops and livestock products,372,Ireland,5622,Import Value,2111,Cattle,1971,1971,1000 US$,17525,A,Official figure
TCL,Crops and livestock products,372,Ireland,5622,Import Value,2111,Cattle,1972,1972,1000 US$,22475,A,Official figure
TCL,Crops and livestock products,372,Ireland,5622,Import Value,2111,Cattle,1973,1973,1000 US$,27113,A,Official figure
TCL,Crops and livestock products,372,Ireland,5622,Import Value,2111,Cattle,1974,1974,1000 US$,21370,A,Official figure
TCL,Crops and livestock products,372,Ireland,5622,Import Value,2111,Cattle,1975,1975,1000 US$,18976,A,Official figure
TCL,Crops and livestock products,372,Ireland,5622,Import Value,2111,Cattle,1976,1976,1000 US$,21013,A,Official figure
TCL,Crops and livestock products,372,Ireland,5622,Import Value,2111,Cattle,1977,1977,1000 US$,54063,A,Official figure
TCL,Crops and livestock products,372,Ireland,5622,Import Value,2111,Cattle,1978,1978,1000 US$,60688,A,Official figure
TCL,Crops and livestock products,372,Ireland,5622,Import Value,2111,Cattle,1979,1979,1000 US$,108190,A,Official figure
TCL,Crops and livestock products,372,Ireland,5622,Import Value,2111,Cattle,1980,1980,1000 US$,45356,A,Official figure
TCL,Crops and livestock products,372,Ireland,5622,Import Value,2111,Cattle,1981,1981,1000 US$,66198,A,Official figure
TCL,Crops and livestock products,372,Ireland,5622,Import Value,2111,Cattle,1982,1982,1000 US$,37744,A,Official figure
TCL,Crops and livestock products,372,Ireland,5622,Import Value,2111,Cattle,1983,1983,1000 US$,8592,A,Official figure
TCL,Crops and livestock products,372,Ireland,5622,Import Value,2111,Cattle,1984,1984,1000 US$,9332,A,Official figure
TCL,Crops and livestock products,372,Ireland,5622,Import Value,2111,Cattle,1985,1985,1000 US$,7053,A,Official figure
TCL,Crops and livestock products,372,Ireland,5622,Import Value,2111,Cattle,1986,1986,1000 US$,5184,A,Official figure
TCL,Crops and livestock products,372,Ireland,5622,Import Value,2111,Cattle,1987,1987,1000 US$,6985,A,Official figure
TCL,Crops and livestock products,372,Ireland,5622,Import Value,2111,Cattle,1988,1988,1000 US$,15517,A,Official figure
TCL,Crops and livestock products,372,Ireland,5622,Import Value,2111,Cattle,1989,1989,1000 US$,8943,A,Official figure
TCL,Crops and livestock products,372,Ireland,5622,Import Value,2111,Cattle,1990,1990,1000 US$,3513,A,Official figure
TCL,Crops and livestock products,372,Ireland,5622,Import Value,2111,Cattle,1991,1991,1000 US$,1888,A,Official figure
TCL,Crops and livestock products,372,Ireland,5622,Import Value,2111,Cattle,1992,1992,1000 US$,10388,A,Official figure
TCL,Crops and livestock products,372,Ireland,5622,Import Value,2111,Cattle,1993,1993,1000 US$,4781,A,Official figure
TCL,Crops and livestock products,372,Ireland,5622,Import Value,2111,Cattle,1994,1994,1000 US$,6447,A,Official figure
TCL,Crops and livestock products,372,Ireland,5622,Import Value,2111,Cattle,1995,1995,1000 US$,4311,A,Official figure
TCL,Crops and livestock products,372,Ireland,5622,Import Value,2111,Cattle,1996,1996,1000 US$,1773,A,Official figure
TCL,Crops and livestock products,372,Ireland,5622,Import Value,2111,Cattle,1997,1997,1000 US$,820,A,Official figure
TCL,Crops and livestock products,372,Ireland,5622,Import Value,2111,Cattle,1998,1998,1000 US$,980,A,Official figure
TCL,Crops and livestock products,372,Ireland,5622,Import Value,2111,Cattle,1999,1999,1000 US$,642,A,Official figure
TCL,Crops and livestock products,372,Ireland,5622,Import Value,2111,Cattle,2000,2000,1000 US$,1615,A,Official figure
TCL,Crops and livestock products,372,Ireland,5622,Import Value,2111,Cattle,2001,2001,1000 US$,1063,A,Official figure
TCL,Crops and livestock products,372,Ireland,5622,Import Value,2111,Cattle,2002,2002,1000 US$,2422,A,Official figure
TCL,Crops and livestock products,372,Ireland,5622,Import Value,2111,Cattle,2003,2003,1000 US$,1352,A,Official figure
TCL,Crops and livestock products,372,Ireland,5622,Import Value,2111,Cattle,2004,2004,1000 US$,1313,A,Official figure
TCL,Crops and livestock products,372,Ireland,5622,Import Value,2111,Cattle,2005,2005,1000 US$,1539,A,Official figure
TCL,Crops and livestock products,372,Ireland,5622,Import Value,2111,Cattle,2006,2006,1000 US$,582,A,Official figure
TCL,Crops and livestock products,372,Ireland,5622,Import Value,2111,Cattle,2007,2007,1000 US$,1409,A,Official figure
TCL,Crops and livestock products,372,Ireland,5622,Import Value,2111,Cattle,2008,2008,1000 US$,321,A,Official figure
TCL,Crops and livestock products,372,Ireland,5622,Import Value,2111,Cattle,2009,2009,1000 US$,226,A,Official figure
TCL,Crops and livestock products,372,Ireland,5622,Import Value,2111,Cattle,2010,2010,1000 US$,442,A,Official figure
TCL,Crops and livestock products,372,Ireland,5622,Import Value,2111,Cattle,2011,2011,1000 US$,1259,A,Official figure
TCL,Crops and livestock products,372,Ireland,5622,Import Value,2111,Cattle,2012,2012,1000 US$,5183,A,Official figure
TCL,Crops and livestock products,372,Ireland,5622,Import Value,2111,Cattle,2013,2013,1000 US$,2721,A,Official figure
TCL,Crops and livestock products,372,Ireland,5622,Import Value,2111,Cattle,2014,2014,1000 US$,226,A,Official figure
TCL,Crops and livestock products,372,Ireland,5622,Import Value,2111,Cattle,2015,2015,1000 US$,1021,A,Official figure
TCL,Crops and livestock products,372,Ireland,5622,Import Value,2111,Cattle,2016,2016,1000 US$,787,A,Official figure
TCL,Crops and livestock products,372,Ireland,5622,Import Value,2111,Cattle,2017,2017,1000 US$,927,A,Official figure
TCL,Crops and livestock products,372,Ireland,5622,Import Value,2111,Cattle,2018,2018,1000 US$,1750,A,Official figure
TCL,Crops and livestock products,372,Ireland,5622,Import Value,2111,Cattle,2019,2019,1000 US$,4073,A,Official figure
TCL,Crops and livestock products,372,Ireland,5622,Import Value,2111,Cattle,2020,2020,1000 US$,11952,A,Official figure
TCL,Crops and livestock products,372,Ireland,5908,Export Quantity,2111,Cattle,1961,1961,Head,722400,A,Official figure
TCL,Crops and livestock products,372,Ireland,5908,Export Quantity,2111,Cattle,1962,1962,Head,575300,A,Official figure
TCL,Crops and livestock products,372,Ireland,5908,Export Quantity,2111,Cattle,1963,1963,Head,662800,A,Official figure
TCL,Crops and livestock products,372,Ireland,5908,Export Quantity,2111,Cattle,1964,1964,Head,793765,A,Official figure
TCL,Crops and livestock products,372,Ireland,5908,Export Quantity,2111,Cattle,1965,1965,Head,596800,A,Official figure
TCL,Crops and livestock products,372,Ireland,5908,Export Quantity,2111,Cattle,1966,1966,Head,624923,A,Official figure
TCL,Crops and livestock products,372,Ireland,5908,Export Quantity,2111,Cattle,1967,1967,Head,670983,A,Official figure
TCL,Crops and livestock products,372,Ireland,5908,Export Quantity,2111,Cattle,1968,1968,Head,625424,A,Official figure
TCL,Crops and livestock products,372,Ireland,5908,Export Quantity,2111,Cattle,1969,1969,Head,552685,A,Official figure
TCL,Crops and livestock products,372,Ireland,5908,Export Quantity,2111,Cattle,1970,1970,Head,529170,A,Official figure
TCL,Crops and livestock products,372,Ireland,5908,Export Quantity,2111,Cattle,1971,1971,Head,615552,A,Official figure
TCL,Crops and livestock products,372,Ireland,5908,Export Quantity,2111,Cattle,1972,1972,Head,598425,A,Official figure
TCL,Crops and livestock products,372,Ireland,5908,Export Quantity,2111,Cattle,1973,1973,Head,430118,A,Official figure
TCL,Crops and livestock products,372,Ireland,5908,Export Quantity,2111,Cattle,1974,1974,Head,447437,A,Official figure
TCL,Crops and livestock products,372,Ireland,5908,Export Quantity,2111,Cattle,1975,1975,Head,695307,A,Official figure
TCL,Crops and livestock products,372,Ireland,5908,Export Quantity,2111,Cattle,1976,1976,Head,370082,A,Official figure
TCL,Crops and livestock products,372,Ireland,5908,Export Quantity,2111,Cattle,1977,1977,Head,453156,A,Official figure
TCL,Crops and livestock products,372,Ireland,5908,Export Quantity,2111,Cattle,1978,1978,Head,549757,A,Official figure
TCL,Crops and livestock products,372,Ireland,5908,Export Quantity,2111,Cattle,1979,1979,Head,327249,A,Official figure
TCL,Crops and livestock products,372,Ireland,5908,Export Quantity,2111,Cattle,1980,1980,Head,473723,A,Official figure
TCL,Crops and livestock products,372,Ireland,5908,Export Quantity,2111,Cattle,1981,1981,Head,431034,A,Official figure
TCL,Crops and livestock products,372,Ireland,5908,Export Quantity,2111,Cattle,1982,1982,Head,359146,A,Official figure
TCL,Crops and livestock products,372,Ireland,5908,Export Quantity,2111,Cattle,1983,1983,Head,431494,A,Official figure
TCL,Crops and livestock products,372,Ireland,5908,Export Quantity,2111,Cattle,1984,1984,Head,387702,A,Official figure
TCL,Crops and livestock products,372,Ireland,5908,Export Quantity,2111,Cattle,1985,1985,Head,311930,A,Official figure
TCL,Crops and livestock products,372,Ireland,5908,Export Quantity,2111,Cattle,1986,1986,Head,322235,A,Official figure
TCL,Crops and livestock products,372,Ireland,5908,Export Quantity,2111,Cattle,1987,1987,Head,236449,A,Official figure
TCL,Crops and livestock products,372,Ireland,5908,Export Quantity,2111,Cattle,1988,1988,Head,235593,A,Official figure
TCL,Crops and livestock products,372,Ireland,5908,Export Quantity,2111,Cattle,1989,1989,Head,169633,A,Official figure
TCL,Crops and livestock products,372,Ireland,5908,Export Quantity,2111,Cattle,1990,1990,Head,184855,A,Official figure
TCL,Crops and livestock products,372,Ireland,5908,Export Quantity,2111,Cattle,1991,1991,Head,138286,A,Official figure
TCL,Crops and livestock products,372,Ireland,5908,Export Quantity,2111,Cattle,1992,1992,Head,193083,T,Unofficial figure
TCL,Crops and livestock products,372,Ireland,5908,Export Quantity,2111,Cattle,1993,1993,Head,383643,A,Official figure
TCL,Crops and livestock products,372,Ireland,5908,Export Quantity,2111,Cattle,1994,1994,Head,383600,A,Official figure
TCL,Crops and livestock products,372,Ireland,5908,Export Quantity,2111,Cattle,1995,1995,Head,325188,A,Official figure
TCL,Crops and livestock products,372,Ireland,5908,Export Quantity,2111,Cattle,1996,1996,Head,179742,A,Official figure
TCL,Crops and livestock products,372,Ireland,5908,Export Quantity,2111,Cattle,1997,1997,Head,33754,A,Official figure
TCL,Crops and livestock products,372,Ireland,5908,Export Quantity,2111,Cattle,1998,1998,Head,119680,A,Official figure
TCL,Crops and livestock products,372,Ireland,5908,Export Quantity,2111,Cattle,1999,1999,Head,326680,A,Official figure
TCL,Crops and livestock products,372,Ireland,5908,Export Quantity,2111,Cattle,2000,2000,Head,329295,A,Official figure
TCL,Crops and livestock products,372,Ireland,5908,Export Quantity,2111,Cattle,2001,2001,Head,64056,A,Official figure
TCL,Crops and livestock products,372,Ireland,5908,Export Quantity,2111,Cattle,2002,2002,Head,75917,T,Unofficial figure
TCL,Crops and livestock products,372,Ireland,5908,Export Quantity,2111,Cattle,2003,2003,Head,108851,A,Official figure
TCL,Crops and livestock products,372,Ireland,5908,Export Quantity,2111,Cattle,2004,2004,Head,65071,T,Unofficial figure
TCL,Crops and livestock products,372,Ireland,5908,Export Quantity,2111,Cattle,2005,2005,Head,91641,A,Official figure
TCL,Crops and livestock products,372,Ireland,5908,Export Quantity,2111,Cattle,2006,2006,Head,107291,A,Official figure
TCL,Crops and livestock products,372,Ireland,5908,Export Quantity,2111,Cattle,2007,2007,Head,154417,T,Unofficial figure
TCL,Crops and livestock products,372,Ireland,5908,Export Quantity,2111,Cattle,2008,2008,Head,129876,A,Official figure
TCL,Crops and livestock products,372,Ireland,5908,Export Quantity,2111,Cattle,2009,2009,Head,188723,A,Official figure
TCL,Crops and livestock products,372,Ireland,5908,Export Quantity,2111,Cattle,2010,2010,Head,271663,T,Unofficial figure
TCL,Crops and livestock products,372,Ireland,5908,Export Quantity,2111,Cattle,2011,2011,Head,184630,T,Unofficial figure
TCL,Crops and livestock products,372,Ireland,5908,Export Quantity,2111,Cattle,2012,2012,Head,130578,A,Official figure
TCL,Crops and livestock products,372,Ireland,5908,Export Quantity,2111,Cattle,2013,2013,Head,192352,A,Official figure
TCL,Crops and livestock products,372,Ireland,5908,Export Quantity,2111,Cattle,2014,2014,Head,205866,A,Official figure
TCL,Crops and livestock products,372,Ireland,5908,Export Quantity,2111,Cattle,2015,2015,Head,148460,A,Official figure
TCL,Crops and livestock products,372,Ireland,5908,Export Quantity,2111,Cattle,2016,2016,Head,123719,A,Official figure
TCL,Crops and livestock products,372,Ireland,5908,Export Quantity,2111,Cattle,2017,2017,Head,150293,A,Official figure
TCL,Crops and livestock products,372,Ireland,5908,Export Quantity,2111,Cattle,2018,2018,Head,188065,A,Official figure
TCL,Crops and livestock products,372,Ireland,5908,Export Quantity,2111,Cattle,2019,2019,Head,235881,A,Official figure
TCL,Crops and livestock products,372,Ireland,5908,Export Quantity,2111,Cattle,2020,2020,Head,291329,A,Official figure
TCL,Crops and livestock products,372,Ireland,5910,Export Quantity,2111,Cattle,2014,2014,tonnes,46998,A,Official figure
TCL,Crops and livestock products,372,Ireland,5910,Export Quantity,2111,Cattle,2015,2015,tonnes,29976,A,Official figure
TCL,Crops and livestock products,372,Ireland,5910,Export Quantity,2111,Cattle,2016,2016,tonnes,23549,A,Official figure
TCL,Crops and livestock products,372,Ireland,5910,Export Quantity,2111,Cattle,2017,2017,tonnes,28612,A,Official figure
TCL,Crops and livestock products,372,Ireland,5910,Export Quantity,2111,Cattle,2018,2018,tonnes,32300,A,Official figure
TCL,Crops and livestock products,372,Ireland,5910,Export Quantity,2111,Cattle,2019,2019,tonnes,37827,A,Official figure
TCL,Crops and livestock products,372,Ireland,5910,Export Quantity,2111,Cattle,2020,2020,tonnes,37476,A,Official figure
TCL,Crops and livestock products,372,Ireland,5922,Export Value,2111,Cattle,1961,1961,1000 US$,123680,A,Official figure
TCL,Crops and livestock products,372,Ireland,5922,Export Value,2111,Cattle,1962,1962,1000 US$,101400,A,Official figure
TCL,Crops and livestock products,372,Ireland,5922,Export Value,2111,Cattle,1963,1963,1000 US$,116560,A,Official figure
TCL,Crops and livestock products,372,Ireland,5922,Export Value,2111,Cattle,1964,1964,1000 US$,153321,A,Official figure
TCL,Crops and livestock products,372,Ireland,5922,Export Value,2111,Cattle,1965,1965,1000 US$,125110,A,Official figure
TCL,Crops and livestock products,372,Ireland,5922,Export Value,2111,Cattle,1966,1966,1000 US$,121802,A,Official figure
TCL,Crops and livestock products,372,Ireland,5922,Export Value,2111,Cattle,1967,1967,1000 US$,120176,A,Official figure
TCL,Crops and livestock products,372,Ireland,5922,Export Value,2111,Cattle,1968,1968,1000 US$,114519,A,Official figure
TCL,Crops and livestock products,372,Ireland,5922,Export Value,2111,Cattle,1969,1969,1000 US$,106191,A,Official figure
TCL,Crops and livestock products,372,Ireland,5922,Export Value,2111,Cattle,1970,1970,1000 US$,109574,A,Official figure
TCL,Crops and livestock products,372,Ireland,5922,Export Value,2111,Cattle,1971,1971,1000 US$,143554,A,Official figure
TCL,Crops and livestock products,372,Ireland,5922,Export Value,2111,Cattle,1972,1972,1000 US$,177782,A,Official figure
TCL,Crops and livestock products,372,Ireland,5922,Export Value,2111,Cattle,1973,1973,1000 US$,182393,A,Official figure
TCL,Crops and livestock products,372,Ireland,5922,Export Value,2111,Cattle,1974,1974,1000 US$,150575,A,Official figure
TCL,Crops and livestock products,372,Ireland,5922,Export Value,2111,Cattle,1975,1975,1000 US$,247154,A,Official figure
TCL,Crops and livestock products,372,Ireland,5922,Export Value,2111,Cattle,1976,1976,1000 US$,142654,A,Official figure
TCL,Crops and livestock products,372,Ireland,5922,Export Value,2111,Cattle,1977,1977,1000 US$,226801,A,Official figure
TCL,Crops and livestock products,372,Ireland,5922,Export Value,2111,Cattle,1978,1978,1000 US$,301816,A,Official figure
TCL,Crops and livestock products,372,Ireland,5922,Export Value,2111,Cattle,1979,1979,1000 US$,230023,A,Official figure
TCL,Crops and livestock products,372,Ireland,5922,Export Value,2111,Cattle,1980,1980,1000 US$,341072,A,Official figure
TCL,Crops and livestock products,372,Ireland,5922,Export Value,2111,Cattle,1981,1981,1000 US$,333010,A,Official figure
TCL,Crops and livestock products,372,Ireland,5922,Export Value,2111,Cattle,1982,1982,1000 US$,197194,A,Official figure
TCL,Crops and livestock products,372,Ireland,5922,Export Value,2111,Cattle,1983,1983,1000 US$,241530,A,Official figure
TCL,Crops and livestock products,372,Ireland,5922,Export Value,2111,Cattle,1984,1984,1000 US$,224241,A,Official figure
TCL,Crops and livestock products,372,Ireland,5922,Export Value,2111,Cattle,1985,1985,1000 US$,192061,A,Official figure
TCL,Crops and livestock products,372,Ireland,5922,Export Value,2111,Cattle,1986,1986,1000 US$,217313,A,Official figure
TCL,Crops and livestock products,372,Ireland,5922,Export Value,2111,Cattle,1987,1987,1000 US$,172138,A,Official figure
TCL,Crops and livestock products,372,Ireland,5922,Export Value,2111,Cattle,1988,1988,1000 US$,230541,A,Official figure
TCL,Crops and livestock products,372,Ireland,5922,Export Value,2111,Cattle,1989,1989,1000 US$,157283,A,Official figure
TCL,Crops and livestock products,372,Ireland,5922,Export Value,2111,Cattle,1990,1990,1000 US$,192674,A,Official figure
TCL,Crops and livestock products,372,Ireland,5922,Export Value,2111,Cattle,1991,1991,1000 US$,113549,A,Official figure
TCL,Crops and livestock products,372,Ireland,5922,Export Value,2111,Cattle,1992,1992,1000 US$,114958,A,Official figure
TCL,Crops and livestock products,372,Ireland,5922,Export Value,2111,Cattle,1993,1993,1000 US$,140829,A,Official figure
TCL,Crops and livestock products,372,Ireland,5922,Export Value,2111,Cattle,1994,1994,1000 US$,176687,A,Official figure
TCL,Crops and livestock products,372,Ireland,5922,Export Value,2111,Cattle,1995,1995,1000 US$,175915,A,Official figure
TCL,Crops and livestock products,372,Ireland,5922,Export Value,2111,Cattle,1996,1996,1000 US$,89016,A,Official figure
TCL,Crops and livestock products,372,Ireland,5922,Export Value,2111,Cattle,1997,1997,1000 US$,20138,A,Official figure
TCL,Crops and livestock products,372,Ireland,5922,Export Value,2111,Cattle,1998,1998,1000 US$,59816,A,Official figure
TCL,Crops and livestock products,372,Ireland,5922,Export Value,2111,Cattle,1999,1999,1000 US$,143060,A,Official figure
TCL,Crops and livestock products,372,Ireland,5922,Export Value,2111,Cattle,2000,2000,1000 US$,130651,A,Official figure
TCL,Crops and livestock products,372,Ireland,5922,Export Value,2111,Cattle,2001,2001,1000 US$,31330,A,Official figure
TCL,Crops and livestock products,372,Ireland,5922,Export Value,2111,Cattle,2002,2002,1000 US$,37242,A,Official figure
TCL,Crops and livestock products,372,Ireland,5922,Export Value,2111,Cattle,2003,2003,1000 US$,59035,A,Official figure
TCL,Crops and livestock products,372,Ireland,5922,Export Value,2111,Cattle,2004,2004,1000 US$,49518,A,Official figure
TCL,Crops and livestock products,372,Ireland,5922,Export Value,2111,Cattle,2005,2005,1000 US$,72103,A,Official figure
TCL,Crops and livestock products,372,Ireland,5922,Export Value,2111,Cattle,2006,2006,1000 US$,100128,A,Official figure
TCL,Crops and livestock products,372,Ireland,5922,Export Value,2111,Cattle,2007,2007,1000 US$,126829,A,Official figure
TCL,Crops and livestock products,372,Ireland,5922,Export Value,2111,Cattle,2008,2008,1000 US$,124043,A,Official figure
TCL,Crops and livestock products,372,Ireland,5922,Export Value,2111,Cattle,2009,2009,1000 US$,166581,A,Official figure
TCL,Crops and livestock products,372,Ireland,5922,Export Value,2111,Cattle,2010,2010,1000 US$,192881,A,Official figure
TCL,Crops and livestock products,372,Ireland,5922,Export Value,2111,Cattle,2011,2011,1000 US$,180423,A,Official figure
TCL,Crops and livestock products,372,Ireland,5922,Export Value,2111,Cattle,2012,2012,1000 US$,161982,A,Official figure
TCL,Crops and livestock products,372,Ireland,5922,Export Value,2111,Cattle,2013,2013,1000 US$,156314,A,Official figure
TCL,Crops and livestock products,372,Ireland,5922,Export Value,2111,Cattle,2014,2014,1000 US$,167563,A,Official figure
TCL,Crops and livestock products,372,Ireland,5922,Export Value,2111,Cattle,2015,2015,1000 US$,99553,A,Official figure
TCL,Crops and livestock products,372,Ireland,5922,Export Value,2111,Cattle,2016,2016,1000 US$,75105,A,Official figure
TCL,Crops and livestock products,372,Ireland,5922,Export Value,2111,Cattle,2017,2017,1000 US$,96265,A,Official figure
TCL,Crops and livestock products,372,Ireland,5922,Export Value,2111,Cattle,2018,2018,1000 US$,114435,A,Official figure
TCL,Crops and livestock products,372,Ireland,5922,Export Value,2111,Cattle,2019,2019,1000 US$,124506,A,Official figure
TCL,Crops and livestock products,372,Ireland,5922,Export Value,2111,Cattle,2020,2020,1000 US$,124611,A,Official figure
